[{"model": "admin.logentry", "pk": 1, "fields": {"action_time": "2023-04-30T03:26:51.923Z", "user": 1, "content_type": 16, "object_id": "1", "object_repr": "Boho Chic", "action_flag": 1, "change_message": "[{\"added\": {}}]"}}, {"model": "admin.logentry", "pk": 2, "fields": {"action_time": "2023-04-30T03:27:10.611Z", "user": 1, "content_type": 16, "object_id": "2", "object_repr": "Maison de Verre", "action_flag": 1, "change_message": "[{\"added\": {}}]"}}, {"model": "admin.logentry", "pk": 3, "fields": {"action_time": "2023-04-30T03:27:26.524Z", "user": 1, "content_type": 16, "object_id": "3", "object_repr": "Rustic Home", "action_flag": 1, "change_message": "[{\"added\": {}}]"}}, {"model": "admin.logentry", "pk": 4, "fields": {"action_time": "2023-04-30T03:27:51.091Z", "user": 1, "content_type": 16, "object_id": "4", "object_repr": "Scented Candle", "action_flag": 1, "change_message": "[{\"added\": {}}]"}}, {"model": "admin.logentry", "pk": 5, "fields": {"action_time": "2023-04-30T03:28:26.202Z", "user": 1, "content_type": 16, "object_id": "5", "object_repr": "Sea Living", "action_flag": 1, "change_message": "[{\"added\": {}}]"}}, {"model": "admin.logentry", "pk": 6, "fields": {"action_time": "2023-04-30T03:31:47.202Z", "user": 1, "content_type": 7, "object_id": "1", "object_repr": "Edwinaz.com", "action_flag": 2, "change_message": "[{\"changed\": {\"fields\": [\"Domain name\", \"Display name\"]}}]"}}, {"model": "admin.logentry", "pk": 7, "fields": {"action_time": "2023-04-30T03:34:34.472Z", "user": 1, "content_type": 13, "object_id": "1", "object_repr": "kitfur", "action_flag": 1, "change_message": "[{\"added\": {}}]"}}, {"model": "admin.logentry", "pk": 8, "fields": {"action_time": "2023-04-30T03:35:01.430Z", "user": 1, "content_type": 13, "object_id": "2", "object_repr": "dinfur", "action_flag": 1, "change_message": "[{\"added\": {}}]"}}, {"model": "admin.logentry", "pk": 9, "fields": {"action_time": "2023-04-30T03:35:17.695Z", "user": 1, "content_type": 13, "object_id": "3", "object_repr": "kitacc", "action_flag": 1, "change_message": "[{\"added\": {}}]"}}, {"model": "admin.logentry", "pk": 10, "fields": {"action_time": "2023-04-30T03:35:46.140Z", "user": 1, "content_type": 13, "object_id": "4", "object_repr": "dinacc", "action_flag": 1, "change_message": "[{\"added\": {}}]"}}, {"model": "admin.logentry", "pk": 11, "fields": {"action_time": "2023-04-30T03:36:32.235Z", "user": 1, "content_type": 13, "object_id": "5", "object_repr": "bedfur", "action_flag": 1, "change_message": "[{\"added\": {}}]"}}, {"model": "admin.logentry", "pk": 12, "fields": {"action_time": "2023-04-30T03:36:57.200Z", "user": 1, "content_type": 13, "object_id": "6", "object_repr": "batfur", "action_flag": 1, "change_message": "[{\"added\": {}}]"}}, {"model": "admin.logentry", "pk": 13, "fields": {"action_time": "2023-04-30T03:37:25.734Z", "user": 1, "content_type": 13, "object_id": "7", "object_repr": "bedacc", "action_flag": 1, "change_message": "[{\"added\": {}}]"}}, {"model": "admin.logentry", "pk": 14, "fields": {"action_time": "2023-04-30T03:37:48.477Z", "user": 1, "content_type": 13, "object_id": "8", "object_repr": "batacc", "action_flag": 1, "change_message": "[{\"added\": {}}]"}}, {"model": "admin.logentry", "pk": 15, "fields": {"action_time": "2023-04-30T03:38:07.440Z", "user": 1, "content_type": 13, "object_id": "9", "object_repr": "livfur", "action_flag": 1, "change_message": "[{\"added\": {}}]"}}, {"model": "admin.logentry", "pk": 16, "fields": {"action_time": "2023-04-30T03:38:29.700Z", "user": 1, "content_type": 13, "object_id": "10", "object_repr": "currug", "action_flag": 1, "change_message": "[{\"added\": {}}]"}}, {"model": "admin.logentry", "pk": 17, "fields": {"action_time": "2023-04-30T03:38:49.019Z", "user": 1, "content_type": 13, "object_id": "11", "object_repr": "livacc", "action_flag": 1, "change_message": "[{\"added\": {}}]"}}, {"model": "admin.logentry", "pk": 18, "fields": {"action_time": "2023-04-30T03:39:07.431Z", "user": 1, "content_type": 13, "object_id": "12", "object_repr": "outacc", "action_flag": 1, "change_message": "[{\"added\": {}}]"}}, {"model": "admin.logentry", "pk": 19, "fields": {"action_time": "2023-04-30T03:40:49.669Z", "user": 1, "content_type": 13, "object_id": "13", "object_repr": "outfur", "action_flag": 1, "change_message": "[{\"added\": {}}]"}}, {"model": "admin.logentry", "pk": 20, "fields": {"action_time": "2023-04-30T03:51:08.484Z", "user": 1, "content_type": 19, "object_id": "4", "object_repr": "scented_candles@dooco.com", "action_flag": 2, "change_message": "[{\"changed\": {\"fields\": [\"Is vendor\"]}}]"}}, {"model": "admin.logentry", "pk": 21, "fields": {"action_time": "2023-04-30T03:51:15.778Z", "user": 1, "content_type": 19, "object_id": "5", "object_repr": "sea_living@dooco.com", "action_flag": 2, "change_message": "[{\"changed\": {\"fields\": [\"Is vendor\"]}}]"}}, {"model": "admin.logentry", "pk": 22, "fields": {"action_time": "2023-04-30T03:51:23.671Z", "user": 1, "content_type": 19, "object_id": "6", "object_repr": "Maison_de_Verre@dooco.com", "action_flag": 2, "change_message": "[{\"changed\": {\"fields\": [\"Is vendor\"]}}]"}}, {"model": "admin.logentry", "pk": 23, "fields": {"action_time": "2023-04-30T03:51:32.066Z", "user": 1, "content_type": 19, "object_id": "7", "object_repr": "Rustic_Home@dooco.com", "action_flag": 2, "change_message": "[{\"changed\": {\"fields\": [\"Is vendor\"]}}]"}}, {"model": "admin.logentry", "pk": 24, "fields": {"action_time": "2023-04-30T03:51:38.237Z", "user": 1, "content_type": 19, "object_id": "8", "object_repr": "Boho_Chic@dooco.com", "action_flag": 2, "change_message": "[{\"changed\": {\"fields\": [\"Is vendor\"]}}]"}}, {"model": "admin.logentry", "pk": 25, "fields": {"action_time": "2023-04-30T03:52:45.092Z", "user": 1, "content_type": 14, "object_id": "1", "object_repr": "Modern", "action_flag": 1, "change_message": "[{\"added\": {}}]"}}, {"model": "admin.logentry", "pk": 26, "fields": {"action_time": "2023-04-30T03:53:00.503Z", "user": 1, "content_type": 14, "object_id": "2", "object_repr": "Rustic", "action_flag": 1, "change_message": "[{\"added\": {}}]"}}, {"model": "admin.logentry", "pk": 27, "fields": {"action_time": "2023-04-30T03:55:42.462Z", "user": 1, "content_type": 14, "object_id": "3", "object_repr": "Bohemian", "action_flag": 1, "change_message": "[{\"added\": {}}]"}}, {"model": "admin.logentry", "pk": 28, "fields": {"action_time": "2023-04-30T03:56:20.651Z", "user": 1, "content_type": 14, "object_id": "4", "object_repr": "Coastal", "action_flag": 1, "change_message": "[{\"added\": {}}]"}}, {"model": "admin.logentry", "pk": 29, "fields": {"action_time": "2023-04-30T03:56:41.893Z", "user": 1, "content_type": 14, "object_id": "5", "object_repr": "Farmhouse", "action_flag": 1, "change_message": "[{\"added\": {}}]"}}, {"model": "admin.logentry", "pk": 30, "fields": {"action_time": "2023-04-30T03:56:59.146Z", "user": 1, "content_type": 14, "object_id": "6", "object_repr": "Contemporary", "action_flag": 1, "change_message": "[{\"added\": {}}]"}}, {"model": "admin.logentry", "pk": 31, "fields": {"action_time": "2023-04-30T03:57:07.299Z", "user": 1, "content_type": 14, "object_id": "7", "object_repr": "Minimalist", "action_flag": 1, "change_message": "[{\"added\": {}}]"}}, {"model": "admin.logentry", "pk": 32, "fields": {"action_time": "2023-04-30T03:59:10.069Z", "user": 1, "content_type": 14, "object_id": "8", "object_repr": "Traditional", "action_flag": 1, "change_message": "[{\"added\": {}}]"}}, {"model": "admin.logentry", "pk": 33, "fields": {"action_time": "2023-05-04T19:21:14.167Z", "user": 1, "content_type": 20, "object_id": "1", "object_repr": "Choosing the Perfect Kitchen Furniture for Your Home", "action_flag": 1, "change_message": "[{\"added\": {}}]"}}, {"model": "admin.logentry", "pk": 34, "fields": {"action_time": "2023-05-04T19:27:34.119Z", "user": 1, "content_type": 20, "object_id": "2", "object_repr": "Elevate Your Dining Experience with the Perfect Furniture", "action_flag": 1, "change_message": "[{\"added\": {}}]"}}, {"model": "admin.logentry", "pk": 35, "fields": {"action_time": "2023-05-04T19:32:20.366Z", "user": 1, "content_type": 20, "object_id": "3", "object_repr": "Title: Must-Have Kitchen Accessories for Every Home Chef", "action_flag": 1, "change_message": "[{\"added\": {}}]"}}, {"model": "admin.logentry", "pk": 36, "fields": {"action_time": "2023-05-05T05:31:52.543Z", "user": 1, "content_type": 20, "object_id": "2", "object_repr": "Elevate Your Dining Experience with the Perfect Furniture", "action_flag": 2, "change_message": "[{\"changed\": {\"fields\": [\"Image\"]}}]"}}, {"model": "admin.logentry", "pk": 37, "fields": {"action_time": "2023-05-05T05:47:11.139Z", "user": 1, "content_type": 20, "object_id": "3", "object_repr": "Title: Must-Have Kitchen Accessories for Every Home Chef", "action_flag": 2, "change_message": "[{\"changed\": {\"fields\": [\"Image\"]}}]"}}, {"model": "admin.logentry", "pk": 38, "fields": {"action_time": "2023-05-05T05:48:05.152Z", "user": 1, "content_type": 20, "object_id": "2", "object_repr": "Elevate Your Dining Experience with the Perfect Furniture", "action_flag": 2, "change_message": "[{\"changed\": {\"fields\": [\"Image\"]}}]"}}, {"model": "admin.logentry", "pk": 39, "fields": {"action_time": "2023-05-05T05:48:23.271Z", "user": 1, "content_type": 20, "object_id": "1", "object_repr": "Choosing the Perfect Kitchen Furniture for Your Home", "action_flag": 2, "change_message": "[{\"changed\": {\"fields\": [\"Image\"]}}]"}}, {"model": "admin.logentry", "pk": 40, "fields": {"action_time": "2023-05-05T08:14:33.675Z", "user": 1, "content_type": 20, "object_id": "4", "object_repr": "Stylish Dining Accessories to Elevate Your Next Dinner Party", "action_flag": 1, "change_message": "[{\"added\": {}}]"}}, {"model": "admin.logentry", "pk": 41, "fields": {"action_time": "2023-05-05T08:21:50.287Z", "user": 1, "content_type": 20, "object_id": "5", "object_repr": "Create the Ultimate Cozy Retreat with the Perfect Bed Furniture", "action_flag": 1, "change_message": "[{\"added\": {}}]"}}, {"model": "auth.permission", "pk": 1, "fields": {"name": "Can add log entry", "content_type": 1, "codename": "add_logentry"}}, {"model": "auth.permission", "pk": 2, "fields": {"name": "Can change log entry", "content_type": 1, "codename": "change_logentry"}}, {"model": "auth.permission", "pk": 3, "fields": {"name": "Can delete log entry", "content_type": 1, "codename": "delete_logentry"}}, {"model": "auth.permission", "pk": 4, "fields": {"name": "Can view log entry", "content_type": 1, "codename": "view_logentry"}}, {"model": "auth.permission", "pk": 5, "fields": {"name": "Can add permission", "content_type": 2, "codename": "add_permission"}}, {"model": "auth.permission", "pk": 6, "fields": {"name": "Can change permission", "content_type": 2, "codename": "change_permission"}}, {"model": "auth.permission", "pk": 7, "fields": {"name": "Can delete permission", "content_type": 2, "codename": "delete_permission"}}, {"model": "auth.permission", "pk": 8, "fields": {"name": "Can view permission", "content_type": 2, "codename": "view_permission"}}, {"model": "auth.permission", "pk": 9, "fields": {"name": "Can add group", "content_type": 3, "codename": "add_group"}}, {"model": "auth.permission", "pk": 10, "fields": {"name": "Can change group", "content_type": 3, "codename": "change_group"}}, {"model": "auth.permission", "pk": 11, "fields": {"name": "Can delete group", "content_type": 3, "codename": "delete_group"}}, {"model": "auth.permission", "pk": 12, "fields": {"name": "Can view group", "content_type": 3, "codename": "view_group"}}, {"model": "auth.permission", "pk": 13, "fields": {"name": "Can add user", "content_type": 4, "codename": "add_user"}}, {"model": "auth.permission", "pk": 14, "fields": {"name": "Can change user", "content_type": 4, "codename": "change_user"}}, {"model": "auth.permission", "pk": 15, "fields": {"name": "Can delete user", "content_type": 4, "codename": "delete_user"}}, {"model": "auth.permission", "pk": 16, "fields": {"name": "Can view user", "content_type": 4, "codename": "view_user"}}, {"model": "auth.permission", "pk": 17, "fields": {"name": "Can add content type", "content_type": 5, "codename": "add_contenttype"}}, {"model": "auth.permission", "pk": 18, "fields": {"name": "Can change content type", "content_type": 5, "codename": "change_contenttype"}}, {"model": "auth.permission", "pk": 19, "fields": {"name": "Can delete content type", "content_type": 5, "codename": "delete_contenttype"}}, {"model": "auth.permission", "pk": 20, "fields": {"name": "Can view content type", "content_type": 5, "codename": "view_contenttype"}}, {"model": "auth.permission", "pk": 21, "fields": {"name": "Can add session", "content_type": 6, "codename": "add_session"}}, {"model": "auth.permission", "pk": 22, "fields": {"name": "Can change session", "content_type": 6, "codename": "change_session"}}, {"model": "auth.permission", "pk": 23, "fields": {"name": "Can delete session", "content_type": 6, "codename": "delete_session"}}, {"model": "auth.permission", "pk": 24, "fields": {"name": "Can view session", "content_type": 6, "codename": "view_session"}}, {"model": "auth.permission", "pk": 25, "fields": {"name": "Can add site", "content_type": 7, "codename": "add_site"}}, {"model": "auth.permission", "pk": 26, "fields": {"name": "Can change site", "content_type": 7, "codename": "change_site"}}, {"model": "auth.permission", "pk": 27, "fields": {"name": "Can delete site", "content_type": 7, "codename": "delete_site"}}, {"model": "auth.permission", "pk": 28, "fields": {"name": "Can view site", "content_type": 7, "codename": "view_site"}}, {"model": "auth.permission", "pk": 29, "fields": {"name": "Can add email address", "content_type": 8, "codename": "add_emailaddress"}}, {"model": "auth.permission", "pk": 30, "fields": {"name": "Can change email address", "content_type": 8, "codename": "change_emailaddress"}}, {"model": "auth.permission", "pk": 31, "fields": {"name": "Can delete email address", "content_type": 8, "codename": "delete_emailaddress"}}, {"model": "auth.permission", "pk": 32, "fields": {"name": "Can view email address", "content_type": 8, "codename": "view_emailaddress"}}, {"model": "auth.permission", "pk": 33, "fields": {"name": "Can add email confirmation", "content_type": 9, "codename": "add_emailconfirmation"}}, {"model": "auth.permission", "pk": 34, "fields": {"name": "Can change email confirmation", "content_type": 9, "codename": "change_emailconfirmation"}}, {"model": "auth.permission", "pk": 35, "fields": {"name": "Can delete email confirmation", "content_type": 9, "codename": "delete_emailconfirmation"}}, {"model": "auth.permission", "pk": 36, "fields": {"name": "Can view email confirmation", "content_type": 9, "codename": "view_emailconfirmation"}}, {"model": "auth.permission", "pk": 37, "fields": {"name": "Can add social account", "content_type": 10, "codename": "add_socialaccount"}}, {"model": "auth.permission", "pk": 38, "fields": {"name": "Can change social account", "content_type": 10, "codename": "change_socialaccount"}}, {"model": "auth.permission", "pk": 39, "fields": {"name": "Can delete social account", "content_type": 10, "codename": "delete_socialaccount"}}, {"model": "auth.permission", "pk": 40, "fields": {"name": "Can view social account", "content_type": 10, "codename": "view_socialaccount"}}, {"model": "auth.permission", "pk": 41, "fields": {"name": "Can add social application", "content_type": 11, "codename": "add_socialapp"}}, {"model": "auth.permission", "pk": 42, "fields": {"name": "Can change social application", "content_type": 11, "codename": "change_socialapp"}}, {"model": "auth.permission", "pk": 43, "fields": {"name": "Can delete social application", "content_type": 11, "codename": "delete_socialapp"}}, {"model": "auth.permission", "pk": 44, "fields": {"name": "Can view social application", "content_type": 11, "codename": "view_socialapp"}}, {"model": "auth.permission", "pk": 45, "fields": {"name": "Can add social application token", "content_type": 12, "codename": "add_socialtoken"}}, {"model": "auth.permission", "pk": 46, "fields": {"name": "Can change social application token", "content_type": 12, "codename": "change_socialtoken"}}, {"model": "auth.permission", "pk": 47, "fields": {"name": "Can delete social application token", "content_type": 12, "codename": "delete_socialtoken"}}, {"model": "auth.permission", "pk": 48, "fields": {"name": "Can view social application token", "content_type": 12, "codename": "view_socialtoken"}}, {"model": "auth.permission", "pk": 49, "fields": {"name": "Can add category", "content_type": 13, "codename": "add_category"}}, {"model": "auth.permission", "pk": 50, "fields": {"name": "Can change category", "content_type": 13, "codename": "change_category"}}, {"model": "auth.permission", "pk": 51, "fields": {"name": "Can delete category", "content_type": 13, "codename": "delete_category"}}, {"model": "auth.permission", "pk": 52, "fields": {"name": "Can view category", "content_type": 13, "codename": "view_category"}}, {"model": "auth.permission", "pk": 53, "fields": {"name": "Can add style", "content_type": 14, "codename": "add_style"}}, {"model": "auth.permission", "pk": 54, "fields": {"name": "Can change style", "content_type": 14, "codename": "change_style"}}, {"model": "auth.permission", "pk": 55, "fields": {"name": "Can delete style", "content_type": 14, "codename": "delete_style"}}, {"model": "auth.permission", "pk": 56, "fields": {"name": "Can view style", "content_type": 14, "codename": "view_style"}}, {"model": "auth.permission", "pk": 57, "fields": {"name": "Can add product", "content_type": 15, "codename": "add_product"}}, {"model": "auth.permission", "pk": 58, "fields": {"name": "Can change product", "content_type": 15, "codename": "change_product"}}, {"model": "auth.permission", "pk": 59, "fields": {"name": "Can delete product", "content_type": 15, "codename": "delete_product"}}, {"model": "auth.permission", "pk": 60, "fields": {"name": "Can view product", "content_type": 15, "codename": "view_product"}}, {"model": "auth.permission", "pk": 61, "fields": {"name": "Can add vendor", "content_type": 16, "codename": "add_vendor"}}, {"model": "auth.permission", "pk": 62, "fields": {"name": "Can change vendor", "content_type": 16, "codename": "change_vendor"}}, {"model": "auth.permission", "pk": 63, "fields": {"name": "Can delete vendor", "content_type": 16, "codename": "delete_vendor"}}, {"model": "auth.permission", "pk": 64, "fields": {"name": "Can view vendor", "content_type": 16, "codename": "view_vendor"}}, {"model": "auth.permission", "pk": 65, "fields": {"name": "Can add order", "content_type": 17, "codename": "add_order"}}, {"model": "auth.permission", "pk": 66, "fields": {"name": "Can change order", "content_type": 17, "codename": "change_order"}}, {"model": "auth.permission", "pk": 67, "fields": {"name": "Can delete order", "content_type": 17, "codename": "delete_order"}}, {"model": "auth.permission", "pk": 68, "fields": {"name": "Can view order", "content_type": 17, "codename": "view_order"}}, {"model": "auth.permission", "pk": 69, "fields": {"name": "Can add order line item", "content_type": 18, "codename": "add_orderlineitem"}}, {"model": "auth.permission", "pk": 70, "fields": {"name": "Can change order line item", "content_type": 18, "codename": "change_orderlineitem"}}, {"model": "auth.permission", "pk": 71, "fields": {"name": "Can delete order line item", "content_type": 18, "codename": "delete_orderlineitem"}}, {"model": "auth.permission", "pk": 72, "fields": {"name": "Can view order line item", "content_type": 18, "codename": "view_orderlineitem"}}, {"model": "auth.permission", "pk": 73, "fields": {"name": "Can add user profile", "content_type": 19, "codename": "add_userprofile"}}, {"model": "auth.permission", "pk": 74, "fields": {"name": "Can change user profile", "content_type": 19, "codename": "change_userprofile"}}, {"model": "auth.permission", "pk": 75, "fields": {"name": "Can delete user profile", "content_type": 19, "codename": "delete_userprofile"}}, {"model": "auth.permission", "pk": 76, "fields": {"name": "Can view user profile", "content_type": 19, "codename": "view_userprofile"}}, {"model": "auth.permission", "pk": 77, "fields": {"name": "Can add post", "content_type": 20, "codename": "add_post"}}, {"model": "auth.permission", "pk": 78, "fields": {"name": "Can change post", "content_type": 20, "codename": "change_post"}}, {"model": "auth.permission", "pk": 79, "fields": {"name": "Can delete post", "content_type": 20, "codename": "delete_post"}}, {"model": "auth.permission", "pk": 80, "fields": {"name": "Can view post", "content_type": 20, "codename": "view_post"}}, {"model": "auth.user", "pk": 1, "fields": {"password": "pbkdf2_sha256$600000$HOgQMmmryLXCLenM3KXOYW$PfZfW8r0jyFkC91E2lnGaUGZ6//G35LdP8luM+BsIi4=", "last_login": "2023-05-05T08:06:49.093Z", "is_superuser": true, "username": "admin", "first_name": "", "last_name": "", "email": "padraigdooley@gmail.com", "is_staff": true, "is_active": true, "date_joined": "2023-04-29T20:31:01.213Z", "groups": [], "user_permissions": []}}, {"model": "auth.user", "pk": 2, "fields": {"password": "pbkdf2_sha256$600000$Wkl0vRURzkryOwCRNqAvip$qSphO/Ij+dqSwbjQ1GqV0Bjg0VK3yM5Ixu33CxMatlU=", "last_login": null, "is_superuser": true, "username": "edwinaz", "first_name": "", "last_name": "", "email": "p@d.com", "is_staff": true, "is_active": true, "date_joined": "2023-04-29T20:34:27.299Z", "groups": [], "user_permissions": []}}, {"model": "auth.user", "pk": 3, "fields": {"password": "pbkdf2_sha256$600000$uQD2jjZ3SeAMJRoYRuZXDU$AFc1vK2R96msygG9OO5P9Xq50TE6nFQ/kxs2gQd1tOY=", "last_login": "2023-05-09T12:40:25.800Z", "is_superuser": false, "username": "joeblog", "first_name": "", "last_name": "", "email": "joe@blog.com", "is_staff": false, "is_active": true, "date_joined": "2023-04-30T03:15:43.098Z", "groups": [], "user_permissions": []}}, {"model": "auth.user", "pk": 4, "fields": {"password": "pbkdf2_sha256$600000$0TKF884Qo2jc5hEH6U0cSW$Iepi0MR95uymB/G45bgm7ddLc2jhBjUGHon7QQJEAsI=", "last_login": "2023-04-30T03:18:07.110Z", "is_superuser": false, "username": "scented_candles@dooco.com", "first_name": "", "last_name": "", "email": "scented_candles@dooco.com", "is_staff": false, "is_active": true, "date_joined": "2023-04-30T03:17:47.609Z", "groups": [], "user_permissions": []}}, {"model": "auth.user", "pk": 5, "fields": {"password": "pbkdf2_sha256$600000$0DSEDjpKc437039EzJlQd2$YjlT4/rh0ApGofLtWLEQ5cyEm73cVcq8vwXM9pYlmSo=", "last_login": "2023-05-02T19:07:34.080Z", "is_superuser": false, "username": "sea_living@dooco.com", "first_name": "", "last_name": "", "email": "sea_living@dooco.com", "is_staff": false, "is_active": true, "date_joined": "2023-04-30T03:19:12.770Z", "groups": [], "user_permissions": []}}, {"model": "auth.user", "pk": 6, "fields": {"password": "pbkdf2_sha256$600000$DYUIPSLNrvRkgbbGvt6uey$2YKj7mQonPoqNgkd1wXt16sL4eSFEBkyiQnsXGuaPfM=", "last_login": "2023-05-09T18:28:16.717Z", "is_superuser": false, "username": "Maison_de_Verre@dooco.com", "first_name": "", "last_name": "", "email": "Maison_de_Verre@dooco.com", "is_staff": false, "is_active": true, "date_joined": "2023-04-30T03:20:32.797Z", "groups": [], "user_permissions": []}}, {"model": "auth.user", "pk": 7, "fields": {"password": "pbkdf2_sha256$600000$J5VTzGouq9wQ9cFLHlp8hP$Ds6F1bndcz+XUjBedDmTucsxUTPbBhZb5r6CPSUL/DY=", "last_login": "2023-05-02T15:27:55.475Z", "is_superuser": false, "username": "Rustic_Home@dooco.com", "first_name": "", "last_name": "", "email": "Rustic_Home@dooco.com", "is_staff": false, "is_active": true, "date_joined": "2023-04-30T03:21:54.493Z", "groups": [], "user_permissions": []}}, {"model": "auth.user", "pk": 8, "fields": {"password": "pbkdf2_sha256$600000$6yOcr7bL2EmmST6hHA8zWb$/bfrY3JPgPGSYAFWYYC3JN8GutAzaCTegGPHUARODCY=", "last_login": "2023-05-06T15:39:04.978Z", "is_superuser": false, "username": "Boho_Chic@dooco.com", "first_name": "", "last_name": "", "email": "Boho_Chic@dooco.com", "is_staff": false, "is_active": true, "date_joined": "2023-04-30T03:23:54.733Z", "groups": [], "user_permissions": []}}, {"model": "auth.user", "pk": 9, "fields": {"password": "pbkdf2_sha256$600000$4K6B1DHb9nPFMNQARoo4Cv$lJNyFaziGYB3GFPYtQBZ3GHDHHClBSeTSzJWYM/6Frc=", "last_login": "2023-05-04T06:02:12.822Z", "is_superuser": false, "username": "Sonoma", "first_name": "", "last_name": "", "email": "sonoma@dooco.com", "is_staff": false, "is_active": true, "date_joined": "2023-05-04T05:32:49.790Z", "groups": [], "user_permissions": []}}, {"model": "contenttypes.contenttype", "pk": 1, "fields": {"app_label": "admin", "model": "logentry"}}, {"model": "contenttypes.contenttype", "pk": 2, "fields": {"app_label": "auth", "model": "permission"}}, {"model": "contenttypes.contenttype", "pk": 3, "fields": {"app_label": "auth", "model": "group"}}, {"model": "contenttypes.contenttype", "pk": 4, "fields": {"app_label": "auth", "model": "user"}}, {"model": "contenttypes.contenttype", "pk": 5, "fields": {"app_label": "contenttypes", "model": "contenttype"}}, {"model": "contenttypes.contenttype", "pk": 6, "fields": {"app_label": "sessions", "model": "session"}}, {"model": "contenttypes.contenttype", "pk": 7, "fields": {"app_label": "sites", "model": "site"}}, {"model": "contenttypes.contenttype", "pk": 8, "fields": {"app_label": "account", "model": "emailaddress"}}, {"model": "contenttypes.contenttype", "pk": 9, "fields": {"app_label": "account", "model": "emailconfirmation"}}, {"model": "contenttypes.contenttype", "pk": 10, "fields": {"app_label": "socialaccount", "model": "socialaccount"}}, {"model": "contenttypes.contenttype", "pk": 11, "fields": {"app_label": "socialaccount", "model": "socialapp"}}, {"model": "contenttypes.contenttype", "pk": 12, "fields": {"app_label": "socialaccount", "model": "socialtoken"}}, {"model": "contenttypes.contenttype", "pk": 13, "fields": {"app_label": "products", "model": "category"}}, {"model": "contenttypes.contenttype", "pk": 14, "fields": {"app_label": "products", "model": "style"}}, {"model": "contenttypes.contenttype", "pk": 15, "fields": {"app_label": "products", "model": "product"}}, {"model": "contenttypes.contenttype", "pk": 16, "fields": {"app_label": "vendor", "model": "vendor"}}, {"model": "contenttypes.contenttype", "pk": 17, "fields": {"app_label": "checkout", "model": "order"}}, {"model": "contenttypes.contenttype", "pk": 18, "fields": {"app_label": "checkout", "model": "orderlineitem"}}, {"model": "contenttypes.contenttype", "pk": 19, "fields": {"app_label": "profiles", "model": "userprofile"}}, {"model": "contenttypes.contenttype", "pk": 20, "fields": {"app_label": "blog", "model": "post"}}, {"model": "sessions.session", "pk": "5lyypetgc1fwg5g3bbuxxtse9nopvvy4", "fields": {"session_data": ".eJxVjEEOwiAQRe_C2hAs0GlduvcMZIaZWtSAKW2iMd5dm3Sh2__efy8VcJnHsFSZQmJ1UJ3a_W6E8Sp5BXzBfC46ljxPifSq6I1WfSost-Pm_gVGrOP3PXRgyEIPzB4HiL4Bbl2UQazZe9s4Q2IZmbwlbIWEWibXxF4AXQe0RqvUmkoO8rin6akO5v0BvnNANQ:1ptXAM:rMBVwYQDon8ibCy7rSr2z_n20eqXb6FyDKnM8rUgl0A", "expire_date": "2023-05-15T17:18:22.330Z"}}, {"model": "sessions.session", "pk": "d42jf19b2gesslfgld6ygeoea6g5n0wr", "fields": {"session_data": ".eJxVjEEOwiAURO_C2hDoBwou3fcM5MMHqRpISrsy3t026UKXM-_NvJnHbS1-62nxM7Erk-zy2wWMz1QPQA-s98Zjq-syB34o_KSdT43S63a6fwcFe9nXkEmrkJVRlIQjZZ1LGp1wQksBmMAFyAMGG4U1ZtAAkrIcjR4Nxj2xzxfW-Tcb:1puqhK:LOEaAmiQ9XYu2To5lFXnKCZqQ42BAqR7Y98jahycDhI", "expire_date": "2023-05-19T08:21:50.315Z"}}, {"model": "sessions.session", "pk": "lc584efrb27f7sem9hnpi8o7y059liqj", "fields": {"session_data": "e30:1pxupb:k8Z7eM3xPSCTTs-1zIsZXxCTWu2ZSyVfSP4f0pEMW0Q", "expire_date": "2023-05-27T19:23:03.617Z"}}, {"model": "sites.site", "pk": 1, "fields": {"domain": "Edwinaz.com", "name": "Edwinaz.com"}}, {"model": "account.emailaddress", "pk": 1, "fields": {"user": 1, "email": "padraigdooley@gmail.com", "verified": true, "primary": true}}, {"model": "account.emailaddress", "pk": 2, "fields": {"user": 3, "email": "joe@blog.com", "verified": true, "primary": true}}, {"model": "account.emailaddress", "pk": 3, "fields": {"user": 4, "email": "scented_candles@dooco.com", "verified": true, "primary": true}}, {"model": "account.emailaddress", "pk": 4, "fields": {"user": 5, "email": "sea_living@dooco.com", "verified": true, "primary": true}}, {"model": "account.emailaddress", "pk": 5, "fields": {"user": 6, "email": "Maison_de_Verre@dooco.com", "verified": true, "primary": true}}, {"model": "account.emailaddress", "pk": 6, "fields": {"user": 7, "email": "Rustic_Home@dooco.com", "verified": true, "primary": true}}, {"model": "account.emailaddress", "pk": 7, "fields": {"user": 8, "email": "Boho_Chic@dooco.com", "verified": true, "primary": true}}, {"model": "account.emailaddress", "pk": 8, "fields": {"user": 9, "email": "sonoma@dooco.com", "verified": true, "primary": true}}, {"model": "products.style", "pk": 1, "fields": {"name": "Modern"}}, {"model": "products.style", "pk": 2, "fields": {"name": "Rustic"}}, {"model": "products.style", "pk": 3, "fields": {"name": "Bohemian"}}, {"model": "products.style", "pk": 4, "fields": {"name": "Coastal"}}, {"model": "products.style", "pk": 5, "fields": {"name": "Farmhouse"}}, {"model": "products.style", "pk": 6, "fields": {"name": "Contemporary"}}, {"model": "products.style", "pk": 7, "fields": {"name": "Minimalist"}}, {"model": "products.style", "pk": 8, "fields": {"name": "Traditional"}}, {"model": "products.category", "pk": 1, "fields": {"name": "kitfur", "friendly_name": "Kitchen Furniture"}}, {"model": "products.category", "pk": 2, "fields": {"name": "dinfur", "friendly_name": "Dinning Furniture"}}, {"model": "products.category", "pk": 3, "fields": {"name": "kitacc", "friendly_name": "Kitchen Accessories"}}, {"model": "products.category", "pk": 4, "fields": {"name": "dinacc", "friendly_name": "Dinning Accessories"}}, {"model": "products.category", "pk": 5, "fields": {"name": "bedfur", "friendly_name": "Bedroom Furniture"}}, {"model": "products.category", "pk": 6, "fields": {"name": "batfur", "friendly_name": "Bathroom Furniture"}}, {"model": "products.category", "pk": 7, "fields": {"name": "bedacc", "friendly_name": "Bedroom Accessories"}}, {"model": "products.category", "pk": 8, "fields": {"name": "batacc", "friendly_name": "Bathroom Accessories"}}, {"model": "products.category", "pk": 9, "fields": {"name": "livfur", "friendly_name": "Living Furniture"}}, {"model": "products.category", "pk": 10, "fields": {"name": "currug", "friendly_name": "Curtains & Rugs"}}, {"model": "products.category", "pk": 11, "fields": {"name": "livacc", "friendly_name": "Living Accessories"}}, {"model": "products.category", "pk": 12, "fields": {"name": "outacc", "friendly_name": "Outdoor Accessories"}}, {"model": "products.category", "pk": 13, "fields": {"name": "outfur", "friendly_name": "Outdoor Furniture"}}, {"model": "products.product", "pk": 1, "fields": {"name": "Ceramic Vase", "user": 8, "vendor": 1, "description": "Handcrafted ceramic vase.", "style": "Modern", "category": 4, "sku": "pp5001340155", "price": "45.99", "image": "cerabulb1436.jpg"}}, {"model": "products.product", "pk": 2, "fields": {"name": "Scented Candle Floral", "user": 4, "vendor": 4, "description": "Soy wax scented candle in a stylish glass jar with a floral fragrance.", "style": "Minimalist", "category": 11, "sku": "pp5001340785", "price": "22.99", "image": "scencand4589.jpg"}}, {"model": "products.product", "pk": 3, "fields": {"name": "Linen Pillow", "user": 6, "vendor": 2, "description": "Soft linen pillow cover with a striped pattern and a down feather insert.", "style": "Coastal", "category": 4, "sku": "pp6001340155", "price": "32.50", "image": "pilostrip9731.jpg"}}, {"model": "products.product", "pk": 4, "fields": {"name": "Elegant Glass Vase", "user": 6, "vendor": 2, "description": "This stunning glass vase features a unique diamond pattern that reflects light beautifully. It's perfect for displaying fresh flowers or as a statement piece on its own.", "style": "Contemporary", "category": 4, "sku": "pp5001376155", "price": "59.99", "image": "glasvase4832.jpg"}}, {"model": "products.product", "pk": 5, "fields": {"name": "Rustic Wooden Tray", "user": 7, "vendor": 3, "description": "This handcrafted wooden tray is perfect for serving drinks or displaying candles. Its rustic design features a distressed finish and metal handles for easy carrying.", "style": "Farmhouse", "category": 1, "sku": "pp5089340155", "price": "29.99", "image": "rusttray5528.jpg"}}, {"model": "products.product", "pk": 6, "fields": {"name": "Cozy Knit Throw", "user": 5, "vendor": 5, "description": "This soft and cozy knit throw is perfect for snuggling up on the couch or adding a pop of colour to your bedding. Its chunky knit design and tassels make it a stylish addition to any room.", "style": "Bohemian", "category": 2, "sku": "pp5001340369", "price": "49.99", "image": "cozythro3456.jpg"}}, {"model": "products.product", "pk": 7, "fields": {"name": "Ceramic Dinnerware", "user": 6, "vendor": 2, "description": "This elegant set includes dinner plates, salad plates, and bowls. Made from high-quality ceramic, each piece is glazed with a beautiful speckled pattern.", "style": "Modern", "category": 4, "sku": "pp8201340191", "price": "149.99", "image": "ceradinn2566.jpg"}}, {"model": "products.product", "pk": 8, "fields": {"name": "Glass Tumblers", "user": 6, "vendor": 2, "description": "These stylish tumblers are perfect for serving juice, water, or cocktails. Made from high-quality glass, they feature a unique textured design that adds a touch of sophistication to any table setting.", "style": "Modern", "category": 1, "sku": "pp4981340149", "price": "29.99", "image": "glasthum2312.jpg"}}, {"model": "products.product", "pk": 9, "fields": {"name": "Stainless Steel Flatware Set", "user": 8, "vendor": 1, "description": "This sleek  Made from high-quality stainless steel, each piece features a simple and elegant design.", "style": "Minimalist", "category": 3, "sku": "pp6381340153", "price": "99.99", "image": "flatware0001_AHJlsDI.jpg"}}, {"model": "products.product", "pk": 10, "fields": {"name": "Vintage Ceramic Dinner Plates\",", "user": 8, "vendor": 1, "description": "Set of 4 vintage ceramic dinner plates in blue and white floral design. Beautiful simple timeless design which could be used for any occasion. Very limited stock available and will not be re-stocked when existing stock is sold.", "style": "Traditional", "category": 4, "sku": "pp5001340117", "price": "49.99", "image": "vintplat0001_EK9Gj2o.jpg"}}, {"model": "products.product", "pk": 11, "fields": {"name": "Stainless Steel Water Bottle", "user": 5, "vendor": 5, "description": "These contemporary tumblers are perfect for serving cocktails. Made from high-quality glass, they feature a unique textured design that adds a touch of sophistication to any table setting.", "style": "Coastal", "category": 12, "sku": "pp5438348153", "price": "39.99", "image": "watebott0001.jpg"}}, {"model": "products.product", "pk": 12, "fields": {"name": "Floral Print Cotton Duvet Cover", "user": 6, "vendor": 2, "description": "Queen size duvet cover in a floral print made of 100% cotton.", "style": "Bohemian", "category": 7, "sku": "pp5401342151", "price": "89.99", "image": "duvetcove0001_sUKo4cS.png"}}, {"model": "products.product", "pk": 13, "fields": {"name": "Cast Iron Skillet", "user": 7, "vendor": 3, "description": "10-inch cast iron skillet with a pre-seasoned surface.", "style": "Rustic", "category": 3, "sku": "pp5404142162", "price": "69.99", "image": "castskil0001.jpg"}}, {"model": "products.product", "pk": 14, "fields": {"name": "Faux Leather Ottoman", "user": 7, "vendor": 3, "description": "Square-shaped faux leather ottoman in dark brown colour.", "style": "Contemporary", "category": 9, "sku": "pp6401342194", "price": "199.99", "image": "leatotto0001_lrLfbNW.png"}}, {"model": "products.product", "pk": 15, "fields": {"name": "Handwoven Cotton Rug", "user": 5, "vendor": 5, "description": "5x8 handwoven cotton rug in shades of blue and white.", "style": "Coastal", "category": 10, "sku": "pp5401342182", "price": "139.99", "image": "bluewhitrug1.jpg"}}, {"model": "products.product", "pk": 16, "fields": {"name": "Turquoise Costal Rug", "user": 5, "vendor": 5, "description": "5ft x7ft  Hand woven turquoise costal rug", "style": "Coastal", "category": 10, "sku": "pp5001376159", "price": "135.99", "image": "coastrug7789.jpg"}}, {"model": "products.product", "pk": 19, "fields": {"name": "Marble Top Dining Table", "user": 6, "vendor": 2, "description": "A 6-seater dining table with a marble top and wooden legs.", "style": "Modern", "category": 2, "sku": "pp6617890129", "price": "1299.00", "image": "marbtabl8345.jpg"}}, {"model": "vendor.vendor", "pk": 1, "fields": {"name": "Boho Chic", "created_by": 8}}, {"model": "vendor.vendor", "pk": 2, "fields": {"name": "Maison de Verre", "created_by": 6}}, {"model": "vendor.vendor", "pk": 3, "fields": {"name": "Rustic Home", "created_by": 7}}, {"model": "vendor.vendor", "pk": 4, "fields": {"name": "Scented Candle", "created_by": 4}}, {"model": "vendor.vendor", "pk": 5, "fields": {"name": "Sea Living", "created_by": 5}}, {"model": "profiles.userprofile", "pk": 1, "fields": {"user": 1, "is_vendor": false, "default_phone_number": null, "default_street_address1": null, "default_street_address2": null, "default_town_or_city": null, "default_county": null, "default_postcode": null, "default_country": null}}, {"model": "profiles.userprofile", "pk": 2, "fields": {"user": 2, "is_vendor": false, "default_phone_number": null, "default_street_address1": null, "default_street_address2": null, "default_town_or_city": null, "default_county": null, "default_postcode": null, "default_country": null}}, {"model": "profiles.userprofile", "pk": 3, "fields": {"user": 3, "is_vendor": false, "default_phone_number": null, "default_street_address1": null, "default_street_address2": null, "default_town_or_city": null, "default_county": null, "default_postcode": null, "default_country": null}}, {"model": "profiles.userprofile", "pk": 4, "fields": {"user": 4, "is_vendor": true, "default_phone_number": null, "default_street_address1": null, "default_street_address2": null, "default_town_or_city": null, "default_county": null, "default_postcode": null, "default_country": null}}, {"model": "profiles.userprofile", "pk": 5, "fields": {"user": 5, "is_vendor": true, "default_phone_number": null, "default_street_address1": null, "default_street_address2": null, "default_town_or_city": null, "default_county": null, "default_postcode": null, "default_country": null}}, {"model": "profiles.userprofile", "pk": 6, "fields": {"user": 6, "is_vendor": true, "default_phone_number": null, "default_street_address1": null, "default_street_address2": null, "default_town_or_city": null, "default_county": null, "default_postcode": null, "default_country": null}}, {"model": "profiles.userprofile", "pk": 7, "fields": {"user": 7, "is_vendor": true, "default_phone_number": null, "default_street_address1": null, "default_street_address2": null, "default_town_or_city": null, "default_county": null, "default_postcode": null, "default_country": null}}, {"model": "profiles.userprofile", "pk": 8, "fields": {"user": 8, "is_vendor": true, "default_phone_number": null, "default_street_address1": null, "default_street_address2": null, "default_town_or_city": null, "default_county": null, "default_postcode": null, "default_country": null}}, {"model": "profiles.userprofile", "pk": 9, "fields": {"user": 9, "is_vendor": false, "default_phone_number": "01 123456", "default_street_address1": "1 Edwinaz St", "default_street_address2": "Edwina Avenue", "default_town_or_city": "Carlow", "default_county": "County Carlow", "default_postcode": "R93 YY88", "default_country": "IE"}}, {"model": "blog.post", "pk": 1, "fields": {"user": 8, "title": "Choosing the Perfect Kitchen Furniture for Your Home", "content": "When choosing kitchen furniture, consider both style and functionality. You want furniture that looks great and also meets your needs. Start by assessing your space and determining what pieces you need. Common pieces include kitchen islands, bar stools, and cabinets.\r\n\r\nIf you're looking for a more traditional look, consider wood furniture with classic details. If you prefer a more modern aesthetic, look for sleek, minimalist designs. When it comes to colour, you can't go wrong with neutral tones like white or beige. These colours can easily blend in with any decor style.", "excerpt": "The right kitchen furniture can make all the difference when it comes to cooking and entertaining. Whether you're renovating your kitchen or just looking to update your furniture, there are many options to choose from.", "image": "images/blue-kit-thumb.jpg", "date_added": "2023-05-05T05:48:23.269Z"}}, {"model": "blog.post", "pk": 2, "fields": {"user": 6, "title": "Elevate Your Dining Experience with the Perfect Furniture", "content": "When choosing dining furniture, consider both style and comfort. You want furniture that looks great and is also comfortable for your guests. Start by assessing your space and determining what pieces you need. Common pieces include dining tables, chairs, and buffets.\r\n\r\nIf you're looking for a more traditional look, consider wood furniture with classic details. If you prefer a more modern aesthetic, look for sleek, minimalist designs. When it comes to color, you can't go wrong with neutral tones like white or beige. These colors can easily blend in with any decor style.", "excerpt": "Your dining room is the heart of your home, where you gather with family and friends to share meals and create memories. Choosing the right dining furniture can make all the difference when it comes to creating a warm and inviting atmosphere.", "image": "images/green-dining-thumb_Kmt87TD.jpg", "date_added": "2023-05-09T12:37:51.548Z"}}, {"model": "blog.post", "pk": 3, "fields": {"user": 7, "title": "Title: Must-Have Kitchen Accessories for Every Home Chef", "content": "Some must-have kitchen accessories include a set of high-quality knives, a durable cutting board, and a set of measuring cups and spoons. You'll also want to invest in some quality cookware, including pots and pans, baking sheets, and a Dutch oven.\r\n\r\nWhen it comes to dish-ware, consider investing in a set of matching plates, bowls, and glasses. This will make your table look more polished and put-together. You'll also want to invest in some serving dishes, like a platter and a set of bowls.", "excerpt": "The right kitchen accessories can make cooking and entertaining a breeze. From high-quality cookware to stylish dishware, there are many accessories that can elevate your kitchen.", "image": "images/kit-uten-thumb.jpg", "date_added": "2023-05-05T05:47:11.131Z"}}, {"model": "blog.post", "pk": 4, "fields": {"user": 8, "title": "Stylish Dining Accessories to Elevate Your Next Dinner Party", "content": "Some must-have dining accessories include a set of elegant glassware, a decorative table runner, and a set of cloth napkins. You'll also want to invest in some serving dishes, like a platter and a set of bowls.\r\n\r\nWhen it comes to decor, consider adding some fresh flowers or a decorative centerpiece to your table. This will make your table look more polished and put-together. You can also add some ambiance with candles or a string of lights.", "excerpt": "The right dining accessories can take your dinner party to the next level. From elegant glassware to decorative serving platters, there are many ways to make your table look beautiful and inviting.", "image": "images/tabl-setting-thumb.jpg", "date_added": "2023-05-05T08:14:33.672Z"}}, {"model": "blog.post", "pk": 5, "fields": {"user": 6, "title": "Create the Ultimate Cozy Retreat with the Perfect Bed Furniture", "content": "Your bedroom is your sanctuary, where you can relax and unwind after a long day. Choosing the right bed furniture can make all the difference when it comes to creating a cozy and inviting atmosphere.", "excerpt": "Your bedroom is your sanctuary, where you can relax and unwind after a long day. Choosing the right bed furniture can make all the difference when it comes to creating a cozy and inviting atmosphere.", "image": "images/cozy-bed-thumb.jpg", "date_added": "2023-05-05T08:21:50.285Z"}}, {"model": "blog.post", "pk": 6, "fields": {"user": 6, "title": "Gold inspired guest bedroom", "content": "Nothing is as warm and comforting as a gold inspired bedroom fit out design. This bedroom has had a transforming makeover and has used a pallet of blue and gold to achieve a decadent finish. \r\nThe wall design is the main feature of the room. This is a hand drawn design that uses gold and white acrylic markers.", "excerpt": "Warm comfort gold inspired bedroom fit out design", "image": "images/bed-gold.jpg", "date_added": "2023-05-09T09:00:30.244Z"}}, {"model": "blog.post", "pk": 8, "fields": {"user": 6, "title": "Effortless Summer Entertaining", "content": "Summer is the perfect time to gather your friends and family for a dinner party. With warm weather and longer days, it’s the ideal season for entertaining outdoors.\r\nGreat care should be taken in selecting every detail of the table design to create a memorable experience for your guests. begin by elegantly draping a CANVAS VINTAGE TABLECLOTH IN NOISETTE to serve as a table runner and then added RUSTIC PLANTERS filled with fresh Pieris florals and finished the table by staggering PILLAR CANDLES in varying heights to create a warm and inviting ambiance that lasted the entire evening. Named place settings not only make it easy for guests to find their seats but also elevate their dining experience. Our talented friends at ACQUA AND INK have designed these exceptional place cards to include each guest’s name in delicate text on a beautiful hand-cut linen cloth, creating a perfect match with our locally sourced handmade clay dinnerware. To complete the experience, a complimentary menu was created, allowing everyone to preview the dishes to come.\r\nRemember that the key to a successful summer dinner party is to relax and enjoy. Don’t stress too much about details, and focus on spending quality time with your guests. Keep the food and drinks flowing, and you’ll be guaranteed a wonderful evening.", "excerpt": "Don’t stress too much about details,  focus on spending quality time with your guests", "image": "images/outdoor-pergola-dining.jpg", "date_added": "2023-05-09T19:24:32.657Z"}}]